may, 173
power, 156
battery, 136
failure, 81
device, 69
unit, 56
supply, 56
potential, 55
board, 54
result, 52
cause, 52
circuit, 48
component, 48
system, 44
due, 43
alarm, 39
malfunction, 38
pump, 35
loss, 35
electrical, 35
patient, 34
fail, 33
monitor, 32
could, 32
ventilator, 31
therapy, 29
smoke, 28
shock, 26
ac, 26
fuse, 26
short, 25
resulting, 25
product, 23
medical, 23
charge, 22
energy, 22
lead, 22
external, 21
model, 21
incorrect, 21
internal, 20
operation, 20
used, 20
overheating, 19
use, 19
delivery, 19
overheat, 19
time, 19
assembly, 19
shut, 18
complaint, 18
connector, 18
voltage, 18
generator, 18
operate, 18
causing, 18
cord, 17
defibrillator, 17
condition, 17
connection, 17
without, 17
switch, 16
charging, 16
recalling, 16
received, 15
pack, 15
defective, 15
turn, 15
damaged, 15
unexpected, 15
report, 14
potentially, 14
audible, 14
recall, 14
initiated, 14
user, 13
wire, 13
premature, 13
high, 13
current, 13
become, 13
display, 13
capacitor, 12
caused, 12
function, 12
burn, 12
electric, 12
wiring, 12
issue, 12
printed, 11
experience, 11
foot, 11
plug, 11
pcb, 11
charger, 11
operating, 11
rf, 11
alaris, 11
pc, 11
installed, 10
transformer, 10
fire, 10
defect, 10
affected, 10
warning, 10
stop, 10
properly, 10
button, 10
surgical, 10
inability, 10
control, 10
damage, 10
motor, 9
controller, 9
certain, 9
deliver, 9
possible, 9
firm, 9
output, 9
main, 9
excessive, 9
heat, 9
faulty, 9
increase, 9
electronic, 9
number, 9
level, 9
newport, 9
start, 9
back, 9
module, 9
intermittent, 9
table, 9
occur, 9
ht, 9
cable, 9
mode, 8
interruption, 8
within, 8
infusion, 8
plastic, 8
v, 8
electrostatic, 8
discharge, 8
audio, 8
occurs, 8
identified, 8
eri, 8
also, 7
risk, 7
customer, 7
implantable, 7
small, 7
rate, 7
lifepak, 7
low, 7
shutdown, 7
pca, 7
intended, 7
emission, 7
processor, 7
cart, 7
equipment, 7
case, 7
wireless, 7
associated, 7
message, 7
confirmed, 7
pacing, 6
end, 6
activate, 6
safety, 6
fault, 6
le, 6
would, 6
connected, 6
temperature, 6
dc, 6
aed, 6
backup, 6
problem, 6
design, 6
key, 6
flame, 6
inoperable, 6
sign, 6
esd, 6
susceptible, 6
lift, 6
activated, 6
contact, 6
spacelabs, 6
upon, 6
related, 6
amp, 6
remote, 6
head, 6
leica, 6
instrument, 6
static, 5
ground, 5
pin, 5
present, 5
sudden, 5
ventilation, 5
situation, 5
block, 5
heating, 5
service, 5
second, 5
located, 5
expected, 5
unexpectedly, 5
melting, 5
fails, 5
study, 5
labeled, 5
measurement, 5
error, 5
provide, 5
address, 5
part, 5
possibility, 5
hazard, 5
standard, 5
interference, 5
heater, 5
inc, 5
inside, 5
delay, 5
respond, 5
information, 5
shortterm, 5
pressure, 5
xl, 5
maquet, 5
mrx, 5
management, 5
heartstart, 5
displayed, 5
video, 5
timer, 5
smell, 5
prompt, 5
even, 5
normal, 5
asp, 5
pulse, 5
reverse, 4
type, 4
sensor, 4
speaker, 4
life, 4
hybrid, 4
depletion, 4
source, 4
software, 4
deterioration, 4
heart, 4
alert, 4
sparking, 4
prior, 4
code, 4
malfunctioning, 4
lost, 4
operator, 4
overheated, 4
release, 4
ability, 4
vital, 4
blank, 4
reset, 4
show, 4
field, 4
burning, 4
screen, 4
procedure, 4
lithium, 4
dropped, 4
underrated, 4
vision, 4
requires, 4
grounding, 4
contains, 4
lot, 4
replacement, 4
remain, 4
powered, 4
longer, 4
depressed, 4
improper, 4
determined, 4
melt, 4
recalled, 4
produce, 4
emit, 4
rhythm, 4
exposed, 4
electromagnetic, 4
limit, 4
set, 4
one, 4
rare, 4
keypad, 4
wear, 4
might, 4
lowering, 4
p, 4
odor, 4
becoming, 4
pac, 4
supplied, 4
single, 4
higher, 4
st, 4
jude, 4
electricity, 4
press, 4
america, 4
found, 4
inch, 4
spring, 4
nerve, 4
illumination, 4
unable, 4
defibrillation, 4
pad, 4
input, 4
corporation, 4
ip, 4
exists, 4
healthcare, 4
imaging, 4
involving, 4
optimum, 4
thermal, 4
chair, 4
recharging, 4
two, 4
prevent, 4
though, 4
plus, 4
tone, 4
midlife, 4
capacity, 4
depleted, 4
pl, 4
circumstance, 3
wrong, 3
detection, 3
feature, 3
broken, 3
required, 3
support, 3
available, 3
secondary, 3
flow, 3
catheter, 3
pressed, 3
metal, 3
leading, 3
indicate, 3
manufactured, 3
resulted, 3
circuitry, 3
breaker, 3
turned, 3
neurostimulators, 3
cease, 3
test, 3
coil, 3
acid, 3
followed, 3
render, 3
j, 3
recommended, 3
minimum, 3
go, 3
hand, 3
month, 3
expiration, 3
date, 3
shown, 3
bridge, 3
entry, 3
insulation, 3
include, 3
communication, 3
including, 3
however, 3
disconnecting, 3
recharge, 3
conmed, 3
released, 3
invivo, 3
correctly, 3
stimulation, 3
includes, 3
calibration, 3
voluntary, 3
supplier, 3
notified, 3
prong, 3
diode, 3
screw, 3
powering, 3
ongoing, 3
hot, 3
shutting, 3
protection, 3
encountering, 3
eg, 3
discontinue, 3
toshiba, 3
aplio, 3
iec, 3
replace, 3
access, 3
point, 3
experienced, 3
selected, 3
console, 3
data, 3
volt, 3
eventually, 3
paddle, 3
gas, 3
carefusion, 3
remains, 3
hemopro, 3
ventricular, 3
version, 3
bipolar, 3
fl, 3
visual, 3
automated, 3
indicator, 3
ge, 3
recently, 3
aware, 3
sound, 3
assist, 3
lowvoltage, 3
failing, 3
typically, 3
compressor, 3
microscope, 3
reported, 3
aging, 3
iabp, 3
rescue, 3
notification, 3
specific, 3
failed, 3
outlet, 3
fan, 3
functionality, 3
spark, 3
several, 3
extended, 3
ecg, 3
communicate, 3
allow, 3
relay, 3
lithiumion, 3
interval, 2
anticipated, 2
contain, 2
appear, 2
pedal, 2
lack, 2
false, 2
hold, 2
joule, 2
generated, 2
placement, 2
full, 2
amount, 2
exhibit, 2
drift, 2
controlled, 2
manometer, 2
hardware, 2
early, 2
minute, 2
monitoring, 2
switched, 2
vibratory, 2
insulin, 2
automatic, 2
delivered, 2
reportedly, 2
indicating, 2
remaining, 2
detect, 2
frequency, 2
returned, 2
revealed, 2
away, 2
trip, 2
prevents, 2
box, 2
accessory, 2
deform, 2
disposable, 2
syringe, 2
separate, 2
mild, 2
pn, 2
attempting, 2
pressing, 2
phase, 2
event, 2
subset, 2
kinetra, 2
cessation, 2
return, 2
underlying, 2
state, 2
lockup, 2
shorting, 2
process, 2
initiate, 2
overcharging, 2
new, 2
reduced, 2
sounding, 2
mri, 2
cradle, 2
difficult, 2
crank, 2
stability, 2
actual, 2
storage, 2
subsequent, 2
outside, 2
burnt, 2
light, 2
taking, 2
c, 2
startup, 2
reliability, 2
grade, 2
meter, 2
immediately, 2
doppler, 2
davinci, 2
isolation, 2
ancillary, 2
nonconforming, 2
automatically, 2
actuator, 2
movement, 2
stopped, 2
w, 2
sold, 2
treatment, 2
blower, 2
resistance, 2
polymer, 2
surface, 2
baxter, 2
cleaning, 2
colleague, 2
non, 2
shockable, 2
withstand, 2
respironics, 2
pod, 2
demipulse, 2
magnet, 2
plate, 2
humidifier, 2
crack, 2
black, 2
boot, 2
transistor, 2
lose, 2
operated, 2
moving, 2
flat, 2
panel, 2
sporadic, 2
artis, 2
tolerance, 2
inspection, 2
manufacturing, 2
effect, 2
sulfuric, 2
leak, 2
owing, 2
turning, 2
prematurely, 2
dual, 2
n, 2
draw, 2
butt, 2
tam, 2
initiating, 2
correction, 2
meet, 2
requirement, 2
exceed, 2
six, 2
distributed, 2
displaying, 2
lower, 2
artida, 2
ultrasound, 2
disabled, 2
diameter, 2
infusor, 2
reason, 2
interface, 2
holder, 2
warm, 2
using, 2
syngoplaza, 2
vab, 2
hf, 2
usb, 2
archive, 2
license, 2
auto, 2
trigger, 2
involuntarily, 2
examination, 2
cupola, 2
instead, 2
mechanism, 2
sealed, 2
door, 2
protective, 2
pld, 2
overheats, 2
vh, 2
elevated, 2
unintended, 2
occasion, 2
touch, 2
side, 2
laser, 2
research, 2
parkway, 2
orlando, 2
expression, 2
portal, 2
xray, 2
shipped, 2
missing, 2
applicator, 2
well, 2
continue, 2
normally, 2
crimp, 2
surrounding, 2
testing, 2
trilogy, 2
ceasing, 2
inoperability, 2
perform, 2
sooner, 2
ct, 2
nonrecoverable, 2
cli, 2
ig, 2
going, 2
resume, 2
force, 2
finding, 2
vcg, 2
ignited, 2
removed, 2
specified, 2
heartware, 2
experiencing, 2
dcps, 2
unintentionally, 2
hcu, 2
rendering, 2
oh, 2
opening, 2
continues, 2
label, 2
overvoltage, 2
sufficient, 2
cardiosave, 2
venting, 2
mislabeled, 2
cm, 2
fracture, 2
correct, 2
allowing, 2
physician, 2
echoims, 2
launched, 2
cardio, 2
list, 2
receiving, 2
readonly, 2
selects, 2
monte, 2
carlo, 2
algorithm, 2
final, 2
dose, 2
tissue, 2
medtronic, 2
action, 2
lpg, 2
applies, 2
poor, 2
different, 2
break, 2
bed, 2
manner, 2
airis, 2
snubber, 2
esprit, 2
involve, 2
exhibiting, 2
centrifuge, 2
audicor, 2
working, 2
requiring, 2
providing, 2
anytime, 2
initial, 2
atypical, 2
behavior, 2
eol, 2
extension, 2
prophylactic, 2
stated, 2
hour, 2
signal, 2
relief, 2
element, 2
top, 2
surge, 2
material, 2
bent, 2
ineffective, 2
possibly, 2
instruction, 2
advanced, 2
alarming, 2
reporting, 2
hvad, 2
sterilization, 2
programmer, 2
philip, 2
bodyguard, 2
appeared, 2
traced, 2
bad, 2
degradation, 2
radiated, 2
photo, 2
interrupter, 2
attributed, 2
collector, 2
pacemaker, 1
coupled, 1
approx, 1
msec, 1
ppm, 1
max, 1
shorter, 1
driver, 1
microchip, 1
obstruction, 1
tingling, 1
sensation, 1
forcing, 1
receptacle, 1
misaligned, 1
misalignment, 1
additional, 1
probe, 1
watchdog, 1
biventricular, 1
primary, 1
electrocution, 1
outgassing, 1
deepdischarge, 1
g, 1
mirroring, 1
reduction, 1
illegible, 1
briefly, 1
audibly, 1
difibrillator, 1
alto, 1
characteristic, 1
migration, 1
controlling, 1
drain, 1
anestar, 1
last, 1
consistently, 1
inadequate, 1
stable, 1
deltec, 1
cozmo, 1
intermittently, 1
annouce, 1
slow, 1
interpreted, 1
satisfying, 1
suddenly, 1
giving, 1
given, 1
biphasic, 1
inappropriate, 1
escalate, 1
configured, 1
impedance, 1
range, 1
feed, 1
flush, 1
fluid, 1
laboratory, 1
analysis, 1
insulator, 1
conjuction, 1
factor, 1
diversion, 1
memory, 1
vector, 1
selector, 1
flaw, 1
rv, 1
oxide, 1
varister, 1
mov, 1
junction, 1
maintainer, 1
accumetrics, 1
basal, 1
syndeo, 1
generate, 1
change, 1
failurethere, 1
detector, 1
phsen, 1
immediate, 1
worsening, 1
symptom, 1
progression, 1
disease, 1
powerup, 1
removing, 1
japan, 1
coming, 1
sinking, 1
poweron, 1
self, 1
decoupling, 1
ctl, 1
compression, 1
fume, 1
begin, 1
losing, 1
shortened, 1
specifically, 1
concerning, 1
lasting, 1
long, 1
advance, 1
phantom, 1
pacer, 1
spike, 1
resistor, 1
factory, 1
default, 1
setting, 1
critical, 1
advisor, 1
compartment, 1
netlink, 1
traveler, 1
specification, 1
magnetic, 1
content, 1
handle, 1
centrifugal, 1
sodium, 1
chloride, 1
age, 1
differently, 1
stored, 1
therefore, 1
give, 1
allowed, 1
allowance, 1
silicon, 1
rectifier, 1
billowing, 1
assembled, 1
compromised, 1
finger, 1
activating, 1
pushing, 1
intraaortic, 1
balloon, 1
mckesson, 1
word, 1
manufacturer, 1
reliable, 1
enunciated, 1
volume, 1
improperly, 1
terminated, 1
ilab, 1
acquisition, 1
prolong, 1
glucose, 1
creatinine, 1
backwards, 1
telemetry, 1
flux, 1
ultrasonic, 1
nondirectional, 1
flowmeterweb, 1
fusesthe, 1
square, 1
shortingout, 1
mentioned, 1
manual, 1
motion, 1
uncontrolled, 1
nda, 1
maxi, 1
move, 1
shutoff, 1
vaser, 1
inaccurate, 1
eyesight, 1
linvatec, 1
ablate, 1
suffering, 1
depressing, 1
warmair, 1
warming, 1
harness, 1
outer, 1
casing, 1
fiber, 1
optic, 1
onto, 1
hard, 1
investigation, 1
ba, 1
shocking, 1
freeze, 1
generates, 1
radiation, 1
applicable, 1
routine, 1
discovered, 1
line, 1
portion, 1
erroneously, 1
diverted, 1
transition, 1
prolonged, 1
detected, 1
unlikely, 1
direct, 1
disabling, 1
vns, 1
duo, 1
welch, 1
allyn, 1
vsm, 1
buildup, 1
bulb, 1
failureweb, 1
gaymar, 1
industry, 1
u, 1
round, 1
ushaped, 1
although, 1
gali, 1
attach, 1
overtightened, 1
surgery, 1
cmax, 1
tilt, 1
position, 1
retractor, 1
lifetime, 1
missed, 1
step, 1
gradual, 1
capability, 1
smoldering, 1
smoking, 1
injury, 1
alpha, 1
pinnacle, 1
ups, 1
strong, 1
corrosive, 1
solution, 1
poorly, 1
soldered, 1
pose, 1
thus, 1
compatiable, 1
bata, 1
previous, 1
slightly, 1
amperage, 1
blow, 1
making, 1
combustible, 1
xg, 1
ssaa, 1
clause, 1
b, 1
residual, 1
shall, 1
nf, 1
aruba, 1
network, 1
incidence, 1
dropout, 1
diagnostic, 1
ie, 1
hang, 1
processing, 1
vcp, 1
counter, 1
ect, 1
cut, 1
aquilion, 1
premium, 1
flogard, 1
leakage, 1
performed, 1
receive, 1
inadvertent, 1
placed, 1
completed, 1
l, 1
measure, 1
inner, 1
ansi, 1
specify, 1
vagus, 1
intent, 1
imbalance, 1
cathode, 1
generatorcan, 1
site, 1
kv, 1
maintain, 1
generation, 1
dongle, 1
scenario, 1
sts, 1
reaming, 1
unprotected, 1
archived, 1
happen, 1
server, 1
donglebased, 1
enabled, 1
archiving, 1
disk, 1
fill, 1
reached, 1
deleti, 1
connect, 1
xprezzon, 1
bedside, 1
rendered, 1
currently, 1
perimetry, 1
background, 1
obtained, 1
doctor, 1
better, 1
tpiece, 1
resuscitation, 1
achieve, 1
maximum, 1
peak, 1
inspiratory, 1
pip, 1
preuse, 1
check, 1
water, 1
sterivac, 1
sterilizer, 1
aerator, 1
insulated, 1
contained, 1
stronger, 1
mechansim, 1
production, 1
june, 1
august, 1
standby, 1
depleting, 1
selfactivated, 1
radio, 1
slowing, 1
deceleration, 1
unanticipated, 1
unattended, 1
acceleration, 1
wheelchair, 1
equipped, 1
spj, 1
mpj, 1
joystick, 1
nonsynchronized, 1
cardioversion, 1
induce, 1
fibrillation, 1
discharged, 1
keyboard, 1
natus, 1
neurology, 1
incorporated, 1
nicolet, 1
eeg, 1
amplifier, 1
uncomfortable, 1
around, 1
area, 1
discomfort, 1
ranging, 1
bulging, 1
ra, 1
pharos, 1
ex, 1
excimer, 1
calibrate, 1
iris, 1
closed, 1
freezerweb, 1
varian, 1
medicalsystems, 1
cpi, 1
vms, 1
emibraid, 1
inducshy, 1
tion, 1
stud, 1
lid, 1
medrad, 1
veris, 1
mr, 1
concern, 1
wand, 1
vii, 1
cranial, 1
osmosis, 1
build, 1
resistive, 1
create, 1
freezer, 1
affect, 1
affecting, 1
zynex, 1
instancesoverheating, 1
barometric, 1
particular, 1
irma, 1
trupoint, 1
sn, 1
weekly, 1
hourly, 1
degrade, 1
ready, 1
rfu, 1
indication, 1
determine, 1
spindle, 1
servo, 1
subsystem, 1
gemini, 1
pet, 1
update, 1
old, 1
driverg, 1
overcurrent, 1
gantry, 1
showing, 1
circle, 1
systematic, 1
artifact, 1
acquired, 1
somatom, 1
stretcher, 1
trending, 1
observed, 1
detachment, 1
loaded, 1
ch, 1
flex, 1
speeder, 1
large, 1
cell, 1
compano, 1
reader, 1
leave, 1
housing, 1
drive, 1
sed, 1
solely, 1
heatercooler, 1
drop, 1
r, 1
thermistor, 1
entire, 1
fitted, 1
package, 1
emanating, 1
opposite, 1
surgeon, 1
pause, 1
otwo, 1
adult, 1
flash, 1
twice, 1
noted, 1
install, 1
grommet, 1
velocity, 1
sonimage, 1
h, 1
accurate, 1
probp, 1
resides, 1
nimh, 1
reach, 1
adjacent, 1
foam, 1
ag, 1
highvoltage, 1
usage, 1
lilon, 1
accidentally, 1
surview, 1
scan, 1
tube, 1
initialized, 1
protect, 1
overcharge, 1
swell, 1
base, 1
clipper, 1
mislabeling, 1
actually, 1
length, 1
triathlon, 1
tibial, 1
alignment, 1
ankle, 1
clamp, 1
custom, 1
nbp, 1
cycling, 1
dash, 1
sybronendo, 1
sealapex, 1
xpress, 1
monaco, 1
photon, 1
calculation, 1
segment, 1
skip, 1
forward, 1
stage, 1
optimization, 1
pencil, 1
beam, 1
computation, 1
window, 1
arkon, 1
anesthesia, 1
way, 1
issuing, 1
corrective, 1
spontaneously, 1
accompanying, 1
humidifiers, 1
optional, 1
swap, 1
copy, 1
programming, 1
parameter, 1
epg, 1
notice, 1
cps, 1
cassette, 1
film, 1
unsatisfactory, 1
sharpness, 1
radiographic, 1
image, 1
impact, 1
ablating, 1
disturbance, 1
absence, 1
annunciation, 1
command, 1
sreen, 1
advise, 1
burned, 1
microprocessor, 1
modifying, 1
gauge, 1
configuration, 1
tear, 1
ceasation, 1
installation, 1
announce, 1
icon, 1
blinking, 1
guidant, 1
devicesweb, 1
assemblythe, 1
ii, 1
loose, 1
auxiliary, 1
pinched, 1
country, 1
utilize, 1
evidence, 1
lifted, 1
wirebonds, 1
clinically, 1
inoperative, 1
stacking, 1
spin, 1
brake, 1
inline, 1
catch, 1
explode, 1
charged, 1
enclosed, 1
july, 1
fatigue, 1
appliance, 1
inlet, 1
significant, 1
rapidly, 1
upd, 1
vista, 1
negative, 1
wound, 1
integrated, 1
filter, 1
oxidized, 1
lcd, 1
garbled, 1
shortcircuited, 1
preventing, 1
pain, 1
pm, 1
fo, 1
appears, 1
rechargeable, 1
presence, 1
mispositioned, 1
aerating, 1
warmer, 1
conjunction, 1
detects, 1
programmed, 1
occurred, 1
discrepancy, 1
strain, 1
clip, 1
unwanted, 1
disconnection, 1
transient, 1
cau, 1
symbol, 1
blown, 1
f, 1
incorporate, 1
voice, 1
doesnt, 1
nonoperational, 1
interconnect, 1
trace, 1
reed, 1
analyze, 1
gasing, 1
term, 1
ignition, 1
enclosure, 1
actuate, 1
speed, 1
exit, 1
supplyweb, 1
eva, 1
polymeric, 1
tabletop, 1
scanning, 1
combination, 1
arcing, 1
trap, 1
rating, 1
certified, 1
ul, 1
subject, 1
relocatable, 1
tap, 1
shaver, 1
handpieces, 1
iswitch, 1
electrically, 1
vacuum, 1
descent, 1
batterypowered, 1
ceiling, 1
terumo, 1
cv, 1
cdi, 1
restored, 1
lfepak, 1
describe, 1
wall, 1
always, 1
pushed, 1
illuminate, 1
adaptor, 1
style, 1
family, 1
breast, 1
easily, 1
handled, 1
december, 1
reminds, 1
keep, 1
plugged, 1
whenever, 1
preserve, 1
longterm, 1
haemonetics, 1
develop, 1
misused, 1
charring, 1
visible, 1
symbiq, 1
installing, 1
replacing, 1
scale, 1
burst, 1
microsystems, 1
stating, 1
zoom, 1
locked, 1
arm, 1
penlon, 1
ltd, 1
flowmeter, 1
modification, 1
pelton, 1
crane, 1
spirit, 1
tlc, 1
safedrive, 1
detecting, 1
whether, 1
handpiece, 1
zuma, 1
mobility, 1
trainer, 1
bind, 1
diminished, 1
retention, 1
creates, 1
close, 1
cartridge, 1
bunnell, 1
march, 1
november, 1
tearing, 1
peeling, 1
edge, 1
learned, 1
addition, 1
conducting, 1
cr, 1
express, 1
aeds, 1
gn, 1
miami, 1
lake, 1
loosening, 1
driveline, 1
california, 1
sterrad, 1
environment, 1
typical, 1
slap, 1
hammer, 1
induction, 1
able, 1
qtech, 1
otherwise, 1
application, 1
recertification, 1
scaling, 1
developed, 1
sitting, 1
column, 1
tobii, 1
ati, 1
leadacid, 1
malfunctioned, 1
produced, 1
chemical, 1
covidien, 1
puritan, 1
bennett, 1
blacklight, 1
inverter, 1
pcba, 1
dim, 1
functional, 1
activa, 1
anomaly, 1
delayed, 1
partial, 1
occurring, 1
maintenance, 1
interrogation, 1
merlinnet, 1
condenser, 1
transitioning, 1
additionally, 1
hypercarbia, 1
hypoxemia, 1
mechanical, 1
regarding, 1
disrupt, 1
spo, 1
three, 1
defibrillate, 1
cme, 1
suboptimal, 1
surgicounter, 1
scanner, 1
downloading, 1
richard, 1
wolf, 1
chassis, 1
homechoice, 1
percentage, 1
series, 1
vacuaide, 1
suction, 1
meea, 1
neuromaster, 1
pcbs, 1
arrestors, 1
prohibit, 1
unintentional, 1
resmed, 1
astral, 1
ellipse, 1
icd, 1
cardioverter, 1
fukuda, 1
denshi, 1
d, 1
worldwide, 1
lamp, 1
rather, 1
outage, 1
lcsu, 1
vasoview, 1
shuts, 1
reboots, 1
take, 1
e, 1
reboot, 1
combined, 1
feedback, 1
damaging, 1
starting, 1
follow, 1
proper, 1
practice, 1
characterized, 1
rapid, 1
truvidia, 1
receiver, 1
normative, 1
accepted, 1
interact, 1
room, 1
loudspeaker, 1
invasive, 1
buchanan, 1
plugger, 1
obturation, 1
eou, 1
