software, 693
patient, 601
may, 567
system, 530
image, 506
result, 453
issue, 339
incorrect, 291
version, 260
potential, 257
data, 256
error, 230
using, 196
user, 172
value, 161
report, 159
display, 156
dose, 146
treatment, 141
displayed, 136
safety, 126
aware, 122
study, 120
due, 120
ge, 118
sample, 116
healthcare, 112
measurement, 112
could, 109
anomaly, 108
become, 104
used, 103
monitor, 101
cause, 101
ct, 96
information, 95
plan, 94
certain, 91
associated, 87
occur, 86
one, 85
calculation, 84
identified, 82
test, 81
device, 80
time, 79
field, 78
set, 77
problem, 70
position, 70
wrong, 70
use, 68
file, 67
application, 67
incorrectly, 66
order, 66
correction, 66
different, 65
number, 65
scan, 65
customer, 63
update, 62
setting, 59
record, 59
lead, 58
two, 57
beam, 57
resulting, 56
mode, 56
imaging, 55
v, 55
screen, 55
reported, 54
series, 54
multiple, 53
dicom, 53
recently, 53
change, 52
loss, 51
id, 51
parameter, 51
case, 50
feature, 50
protocol, 50
message, 49
affected, 49
view, 48
option, 47
workstation, 47
possible, 46
exam, 46
function, 46
station, 46
defect, 45
specific, 45
occurs, 45
module, 45
condition, 44
planning, 44
b, 43
laboratory, 42
product, 42
syngo, 42
related, 42
another, 41
firm, 41
selected, 41
volume, 41
instrument, 41
database, 41
philip, 41
name, 40
pac, 40
siemens, 40
unit, 39
running, 39
rt, 39
impact, 39
following, 38
reference, 38
ecg, 38
operator, 38
received, 37
risk, 37
x, 36
correct, 36
clinical, 36
current, 36
viewer, 36
performed, 36
discovered, 35
inaccurate, 35
pet, 35
potentially, 35
assay, 34
workflow, 34
orientation, 34
correctly, 34
acquisition, 34
found, 34
circumstance, 33
interface, 33
analyzer, 33
within, 33
medication, 33
configured, 33
saved, 33
e, 33
radiation, 32
affect, 32
range, 31
monitoring, 31
cobas, 31
sent, 31
centricity, 31
initiated, 31
appear, 31
generated, 31
without, 30
alarm, 30
diagnosis, 30
client, 30
xray, 30
prior, 30
delivery, 29
date, 29
upgrade, 29
manual, 28
reporting, 28
computer, 28
line, 28
became, 28
unintended, 28
reconstruction, 28
new, 27
default, 27
acquired, 27
recall, 27
medical, 27
operation, 27
server, 27
artifact, 27
mlc, 27
event, 27
control, 27
calculated, 27
delay, 26
label, 26
review, 26
address, 25
missing, 25
stored, 25
location, 25
printed, 25
mistreatment, 25
higher, 25
bug, 25
scanner, 25
gantry, 25
malfunction, 24
bed, 24
failure, 24
process, 24
inr, 24
previous, 24
point, 24
management, 24
changed, 24
communication, 24
erroneous, 24
carescape, 24
code, 23
exists, 23
transfer, 23
match, 23
ultrasound, 23
central, 23
properly, 23
mismatch, 22
lock, 22
slice, 22
release, 22
network, 22
list, 22
li, 22
delivered, 22
dynamic, 22
merge, 22
model, 22
digital, 22
configuration, 22
demographic, 21
actual, 21
high, 21
entry, 21
care, 21
either, 21
original, 21
shift, 21
tool, 21
area, 21
show, 21
also, 21
xio, 21
archive, 20
specimen, 20
waveform, 20
calibration, 20
entered, 20
based, 20
inc, 20
console, 20
lost, 20
including, 20
would, 20
window, 20
however, 20
combination, 20
contain, 19
final, 19
imported, 19
automatically, 19
situation, 19
target, 19
character, 19
issued, 19
advantage, 19
pixel, 19
navigation, 19
procedure, 19
examination, 19
angle, 19
caused, 18
flag, 18
processing, 18
pump, 18
reconstructed, 18
low, 18
blank, 18
full, 18
print, 18
confirmed, 18
involving, 18
panel, 18
scanning, 18
setup, 18
misdiagnosis, 18
lab, 18
tube, 18
program, 18
mr, 18
might, 18
table, 18
defined, 18
available, 17
made, 17
instance, 17
c, 17
auto, 17
functionality, 17
collimator, 17
exported, 17
additional, 17
therapist, 17
reading, 17
via, 17
status, 17
intended, 17
machine, 17
couch, 17
present, 17
spo, 17
freeze, 17
action, 17
rare, 17
restart, 17
arc, 17
eclipse, 17
causing, 17
incomplete, 16
allows, 16
disk, 16
printing, 16
ml, 16
type, 16
pro, 16
even, 16
kit, 16
rate, 16
possibility, 16
soft, 16
second, 16
instruction, 16
instead, 16
applied, 16
complaint, 16
site, 16
recalled, 16
dash, 16
brilliance, 16
analysis, 16
allow, 15
deleted, 15
remote, 15
operating, 15
button, 15
failed, 15
manually, 15
marker, 15
service, 15
eye, 15
factor, 15
therapy, 15
released, 15
archived, 15
physician, 15
leading, 15
distance, 15
several, 15
updated, 15
greater, 15
method, 15
created, 15
internal, 15
check, 15
size, 15
head, 15
mm, 15
stop, 15
identification, 15
discovery, 15
text, 14
part, 14
assigned, 14
enabled, 14
gui, 14
inratio, 14
meter, 14
vitros, 14
select, 14
first, 14
behavior, 14
channel, 14
lower, 14
architect, 14
provided, 14
performing, 14
open, 14
injury, 14
loaded, 14
installation, 14
expected, 14
sequence, 14
exposure, 14
fail, 14
reset, 14
left, 14
statistic, 14
isocenter, 14
r, 13
body, 13
fails, 13
modified, 13
manager, 13
day, 13
medtronic, 13
automated, 13
batch, 13
unable, 13
zero, 13
warning, 13
determined, 13
sunquest, 13
run, 13
power, 13
alignment, 13
component, 13
read, 13
subsequent, 13
contains, 13
scc, 13
clip, 13
previously, 13
annotation, 13
per, 13
added, 13
diagnostic, 13
export, 13
notice, 13
single, 13
detector, 13
side, 13
segment, 13
selects, 13
difference, 13
registration, 13
page, 13
though, 13
calculate, 13
region, 13
structure, 13
drug, 13
nonconformance, 13
gating, 13
raystation, 13
unexpected, 12
provide, 12
brain, 12
limit, 12
labeling, 12
initial, 12
cardiology, 12
displaying, 12
tab, 12
softpath, 12
active, 12
start, 12
scenario, 12
viewed, 12
recalling, 12
performance, 12
opened, 12
must, 12
ingenuity, 12
complete, 12
video, 12
fraction, 12
vmat, 12
large, 12
intermittent, 12
rack, 12
crash, 12
detected, 12
alert, 12
move, 12
pt, 12
upon, 12
right, 12
algorithm, 12
barcode, 12
roi, 12
access, 12
appears, 11
resulted, 11
level, 11
programming, 11
transmission, 11
etc, 11
web, 11
connected, 11
go, 11
online, 11
accelerator, 11
negative, 11
capture, 11
direction, 11
electronic, 11
gate, 11
syngoplaza, 11
leaf, 11
brainlab, 11
trigger, 11
perfusion, 11
simultaneously, 11
sp, 11
corresponding, 11
shown, 11
memory, 11
fused, 11
corrected, 11
mouse, 11
state, 11
ratio, 11
pressure, 11
header, 11
hard, 11
testing, 11
three, 11
mu, 11
scale, 11
suv, 11
interpretation, 11
add, 11
focal, 11
automatic, 11
reagent, 10
battery, 10
query, 10
misidentification, 10
cartridge, 10
completed, 10
worklist, 10
optical, 10
next, 10
lot, 10
quality, 10
mri, 10
mammography, 10
transferred, 10
distribution, 10
solution, 10
changing, 10
anatomical, 10
accuracy, 10
processed, 10
hospital, 10
hl, 10
health, 10
mosaiq, 10
produce, 10
ie, 10
bypass, 10
session, 10
viewing, 10
filter, 10
eg, 10
max, 10
intellispace, 10
portal, 10
printout, 10
optimum, 10
occurred, 10
definition, 10
voluntary, 10
contour, 10
edited, 10
include, 10
jaw, 10
reboot, 10
touch, 10
artis, 10
box, 10
create, 10
existing, 10
o, 10
varian, 10
transmitted, 10
uptake, 10
graphic, 10
offset, 10
installed, 10
monaco, 10
alere, 10
placed, 9
accession, 9
addition, 9
mpr, 9
icon, 9
generate, 9
modality, 9
observed, 9
paceart, 9
carelink, 9
cardiac, 9
enter, 9
labeled, 9
flipped, 9
experience, 9
spine, 9
film, 9
need, 9
included, 9
import, 9
weight, 9
format, 9
still, 9
mixup, 9
continue, 9
xr, 9
design, 9
well, 9
secondary, 9
invalid, 9
example, 9
depth, 9
currently, 9
rule, 9
last, 9
editing, 9
linac, 9
storage, 9
initiating, 9
importing, 9
treated, 9
moved, 9
hf, 9
loading, 9
license, 9
archiving, 9
map, 9
template, 9
handling, 9
receiving, 9
le, 9
activated, 9
speed, 9
intermittently, 9
back, 9
diagnostics, 9
blood, 9
coordinate, 9
perform, 9
positioning, 9
rather, 9
th, 9
coulter, 9
curve, 9
center, 9
handheld, 9
affecting, 9
selection, 9
movement, 9
outside, 9
flagged, 9
panorama, 9
measured, 9
summary, 9
rotation, 9
mindray, 9
therapeutic, 9
primary, 8
chart, 8
roche, 8
programmed, 8
printer, 8
identifier, 8
empty, 8
load, 8
rotated, 8
source, 8
requires, 8
prevent, 8
ng, 8
integrated, 8
corrupted, 8
containing, 8
happen, 8
remain, 8
oncology, 8
temporarily, 8
described, 8
recording, 8
m, 8
platform, 8
always, 8
ri, 8
standard, 8
disabled, 8
heart, 8
notification, 8
request, 8
impax, 8
log, 8
amount, 8
required, 8
utilizing, 8
respect, 8
captured, 8
cardio, 8
object, 8
sporadic, 8
anatomy, 8
regarding, 8
possibly, 8
send, 8
inadvertently, 8
p, 8
tumor, 8
period, 8
inconsistent, 8
cancel, 8
notified, 8
limited, 8
rejected, 8
validation, 8
transmit, 8
u, 8
miscalculation, 8
customized, 8
axsym, 8
flow, 8
respiratory, 8
erroneously, 8
pulmonary, 8
tag, 8
imrt, 8
spacing, 8
signal, 8
able, 8
color, 8
vital, 8
hemo, 8
clearwater, 8
fl, 8
aperture, 8
wireless, 8
step, 8
nm, 8
piggyback, 8
anomally, 7
comment, 7
duplicate, 7
delete, 7
command, 7
individual, 7
work, 7
requiring, 7
density, 7
hematology, 7
selecting, 7
chemistry, 7
get, 7
generic, 7
reflect, 7
immediately, 7
count, 7
ra, 7
coil, 7
combined, 7
folder, 7
linear, 7
workspace, 7
lantis, 7
appropriate, 7
false, 7
dark, 7
enterprise, 7
necessary, 7
call, 7
thus, 7
critical, 7
history, 7
engen, 7
already, 7
rotational, 7
infusion, 7
deletion, 7
around, 7
return, 7
raw, 7
occurrence, 7
interpret, 7
vertical, 7
replaced, 7
conducted, 7
mckesson, 7
dataset, 7
computed, 7
edits, 7
dpm, 7
layout, 7
therefore, 7
plus, 7
taken, 7
creating, 7
edit, 7
firmware, 7
evaluation, 7
modification, 7
hour, 7
international, 7
live, 7
attempt, 7
backup, 7
air, 7
dilution, 7
strip, 7
beckman, 7
hazard, 7
assignment, 7
flex, 7
localization, 7
centimeter, 7
queue, 7
frequency, 7
interest, 7
vessel, 7
wedge, 7
hiart, 7
index, 7
normal, 7
probe, 7
l, 7
elekta, 7
surgical, 7
intervention, 7
shape, 7
vitrea, 7
innova, 7
conversion, 7
signa, 7
port, 7
aria, 7
ditc, 7
pathology, 7
phase, 7
bolus, 7
library, 7
breast, 7
switch, 6
accessory, 6
copy, 6
rf, 6
light, 6
buffer, 6
truncated, 6
mixed, 6
slide, 6
finding, 6
implanted, 6
accurately, 6
prescribed, 6
year, 6
clock, 6
background, 6
celldyn, 6
unacceptable, 6
symbia, 6
earlier, 6
contact, 6
afp, 6
incident, 6
place, 6
artiste, 6
called, 6
nx, 6
task, 6
thickness, 6
pc, 6
ma, 6
content, 6
hold, 6
assign, 6
card, 6
letter, 6
criterion, 6
word, 6
softlab, 6
rb, 6
linked, 6
mrn, 6
misinterpretation, 6
clinician, 6
working, 6
host, 6
requested, 6
ingredient, 6
integration, 6
automation, 6
horizon, 6
radiotherapy, 6
improper, 6
ix, 6
fetal, 6
length, 6
angiography, 6
longer, 6
improperly, 6
insight, 6
axis, 6
saving, 6
document, 6
equal, 6
microsoft, 6
inform, 6
aligned, 6
indicate, 6
end, 6
close, 6
pdm, 6
way, 6
forward, 6
voluntarily, 6
emr, 6
visible, 6
registered, 6
ig, 6
echo, 6
cv, 6
stat, 6
sheet, 6
normalized, 6
imager, 6
impacted, 6
require, 6
later, 6
various, 6
nbp, 6
limitation, 6
relevant, 6
remains, 6
ca, 6
mislabeled, 6
us, 6
omit, 6
relative, 6
derived, 6
upgraded, 6
interrupted, 6
link, 6
doppler, 6
small, 6
laser, 6
dialog, 6
cell, 6
precision, 6
utilized, 6
output, 6
manufactured, 6
scheduled, 6
retrieved, 6
fluoroscopy, 6
abnormal, 6
interval, 6
datexohmeda, 6
indicated, 6
marked, 6
md, 6
f, 6
fluoro, 6
xeleris, 6
tomotherapy, 6
includes, 6
additionally, 6
making, 6
issuing, 6
qa, 6
pure, 6
oncologist, 6
surface, 6
drr, 6
section, 6
proton, 6
inside, 6
min, 6
core, 6
save, 6
tf, 6
iq, 6
held, 6
diluent, 6
freetext, 6
mednet, 6
accuray, 6
swirllike, 6
dynacad, 6
container, 5
microbiology, 5
description, 5
wash, 5
apply, 5
spect, 5
accept, 5
array, 5
energy, 5
repeat, 5
particular, 5
specification, 5
programmer, 5
episode, 5
detection, 5
shock, 5
pallet, 5
come, 5
altered, 5
third, 5
party, 5
avoid, 5
store, 5
subsequently, 5
significant, 5
extremely, 5
temporary, 5
scanned, 5
recorded, 5
interfaced, 5
verify, 5
opening, 5
surgeon, 5
profile, 5
generator, 5
revolution, 5
split, 5
muse, 5
pid, 5
board, 5
patch, 5
listed, 5
cd, 5
symbol, 5
ois, 5
dimension, 5
digitally, 5
mixing, 5
tpn, 5
dosing, 5
seno, 5
distributed, 5
unavailable, 5
cardiovascular, 5
signed, 5
advisory, 5
vaa, 5
response, 5
usb, 5
title, 5
ruler, 5
across, 5
horizontal, 5
mmhg, 5
unique, 5
aw, 5
carestream, 5
association, 5
trend, 5
path, 5
controller, 5
stress, 5
recovery, 5
upgrading, 5
tm, 5
acuson, 5
sc, 5
routine, 5
determine, 5
stamp, 5
partially, 5
exist, 5
priority, 5
patients, 5
advia, 5
comparison, 5
bar, 5
noninvasive, 5
written, 5
organ, 5
encounter, 5
completely, 5
material, 5
resolve, 5
development, 5
old, 5
input, 5
cable, 5
revision, 5
nicoletone, 5
elevated, 5
retrospective, 5
interruption, 5
positive, 5
dmlc, 5
obtained, 5
discrepancy, 5
motion, 5
indication, 5
cic, 5
ef, 5
reversed, 5
sensor, 5
virtual, 5
click, 5
maximum, 5
projection, 5
deficiency, 5
track, 5
lockup, 5
specified, 5
velocity, 5
concentration, 5
zoomed, 5
functioning, 5
isoloc, 5
anatomic, 5
subject, 5
drive, 5
aps, 5
mx, 5
inverted, 5
increase, 5
threshold, 5
appeared, 5
fusion, 5
decimal, 5
gsi, 5
ii, 5
visualization, 5
originally, 5
sign, 5
exporting, 5
icentral, 5
investigation, 5
conjunction, 5
kv, 5
enhancement, 5
numeric, 5
external, 5
hd, 5
mattress, 5
masimo, 5
clicking, 5
closed, 5
spacelabs, 5
prompt, 5
property, 5
form, 5
approved, 5
interpreted, 5
conformal, 5
reboots, 5
pediatric, 5
ise, 5
prescription, 5
significantly, 5
collision, 5
beta, 5
epiq, 5
nurse, 5
dsa, 5
vero, 5
exactrac, 5
miseqdx, 5
sequencing, 5
dm, 5
millimeter, 5
ihc, 5
highly, 5
med, 5
becomes, 4
fact, 4
english, 4
illness, 4
voltage, 4
smart, 4
filed, 4
equipment, 4
integra, 4
misidentified, 4
substrate, 4
elx, 4
ortho, 4
receives, 4
override, 4
lose, 4
inappropriately, 4
icd, 4
administration, 4
immediate, 4
outofrange, 4
manifest, 4
damage, 4
iol, 4
fluid, 4
intensity, 4
facility, 4
cleanup, 4
creation, 4
excluded, 4
liquid, 4
ver, 4
recognized, 4
prevents, 4
hp, 4
actually, 4
allowed, 4
concerning, 4
sporadically, 4
overwritten, 4
valid, 4
matching, 4
ascii, 4
creates, 4
softweb, 4
note, 4
maybe, 4
guidance, 4
uploaded, 4
radiograph, 4
residual, 4
viewport, 4
adding, 4
rtt, 4
rev, 4
toshiba, 4
america, 4
aplio, 4
artida, 4
tcautomation, 4
verification, 4
corruption, 4
exhibit, 4
visual, 4
vab, 4
thumbnail, 4
fill, 4
noticed, 4
null, 4
provides, 4
amplilink, 4
met, 4
userdefined, 4
contrast, 4
respiration, 4
ready, 4
sa, 4
key, 4
sr, 4
cache, 4
invacare, 4
followup, 4
synchronization, 4
scatter, 4
anesthesia, 4
spot, 4
stage, 4
synapse, 4
lesion, 4
somatom, 4
qc, 4
nibp, 4
never, 4
radsuite, 4
skip, 4
releasing, 4
appearing, 4
reformatter, 4
xx, 4
total, 4
surveillance, 4
short, 4
mean, 4
cuff, 4
icu, 4
cdchpka, 4
adjustment, 4
deliver, 4
cm, 4
sw, 4
scaled, 4
manufacturer, 4
detail, 4
hardware, 4
break, 4
disclosure, 4
unity, 4
portion, 4
variable, 4
ejection, 4
degree, 4
refresh, 4
improve, 4
room, 4
upload, 4
multiplanar, 4
cycle, 4
generating, 4
voxel, 4
skin, 4
standardized, 4
age, 4
digoxin, 4
gated, 4
big, 4
bore, 4
presence, 4
exit, 4
rounding, 4
package, 4
axial, 4
appropriately, 4
aorta, 4
aneurysm, 4
coronal, 4
completion, 4
rpm, 4
planned, 4
voluson, 4
inaccuracy, 4
mapping, 4
compatibility, 4
pdf, 4
activity, 4
receptor, 4
take, 4
adjusted, 4
unintentionally, 4
radiography, 4
interaction, 4
static, 4
serious, 4
recover, 4
carbohydrate, 4
insulin, 4
specifically, 4
custom, 4
solar, 4
sim, 4
technique, 4
lateral, 4
ampliprep, 4
taqman, 4
physiological, 4
thyroid, 4
encountered, 4
menu, 4
happens, 4
language, 4
cr, 4
delayed, 4
nonunique, 4
ivc, 4
electric, 4
recalculated, 4
rv, 4
monte, 4
carlo, 4
pencil, 4
quantitative, 4
recent, 4
internally, 4
needle, 4
softreports, 4
isodose, 4
done, 4
scientific, 4
latitude, 4
grid, 4
double, 4
non, 4
rapidarc, 4
legacy, 4
neuron, 4
base, 4
n, 4
positioned, 4
established, 4
global, 4
magnification, 4
outdated, 4
functional, 4
url, 4
driver, 4
abacus, 4
stating, 4
startup, 4
rescan, 4
digit, 4
cal, 4
partial, 4
master, 4
pr, 4
surgery, 4
composite, 4
validated, 4
centralink, 4
exhibited, 4
ring, 4
initially, 4
neartherapeutic, 4
cross, 4
adaptive, 4
metric, 4
height, 4
bsa, 4
whether, 4
pedestal, 4
human, 3
cumulative, 3
carrier, 3
post, 3
mip, 3
download, 3
inquiry, 3
associate, 3
sync, 3
act, 3
mix, 3
biotek, 3
historical, 3
space, 3
biased, 3
insert, 3
preset, 3
vt, 3
manufacture, 3
indicating, 3
platelet, 3
senographe, 3
d, 3
proper, 3
weighting, 3
clear, 3
enough, 3
misalignment, 3
overcorrection, 3
ensure, 3
developed, 3
dosage, 3
administrator, 3
inserted, 3
brand, 3
primeview, 3
landmark, 3
misinterpreted, 3
posing, 3
allergy, 3
incompatible, 3
free, 3
identify, 3
odyssey, 3
remove, 3
moving, 3
abbott, 3
mismatched, 3
permit, 3
march, 3
qualifying, 3
sends, 3
cropped, 3
ogp, 3
adt, 3
drrs, 3
superior, 3
rapid, 3
diffusion, 3
enable, 3
circuit, 3
replace, 3
aspirated, 3
merging, 3
occasion, 3
audible, 3
sound, 3
cease, 3
defibrillator, 3
september, 3
browser, 3
amalga, 3
helical, 3
va, 3
calculating, 3
rendered, 3
logiq, 3
offline, 3
unwanted, 3
string, 3
carm, 3
outbound, 3
interactive, 3
radiology, 3
co, 3
fall, 3
impedance, 3
randomly, 3
manufacturing, 3
vb, 3
started, 3
initiate, 3
whe, 3
preview, 3
almost, 3
powered, 3
reverse, 3
retrieval, 3
overestimation, 3
resolution, 3
removed, 3
improvement, 3
documented, 3
yet, 3
given, 3
latest, 3
modular, 3
analytics, 3
measuring, 3
magnified, 3
acute, 3
press, 3
standalone, 3
dxh, 3
referenced, 3
returned, 3
fine, 3
incompatibility, 3
forced, 3
brf, 3
carryover, 3
antivirus, 3
detect, 3
newly, 3
since, 3
restarted, 3
january, 3
discharge, 3
furthermore, 3
occasionally, 3
connection, 3
skyplate, 3
removing, 3
dp, 3
transceiver, 3
black, 3
although, 3
placement, 3
generation, 3
interfacing, 3
volumetric, 3
universal, 3
ten, 3
correspond, 3
experienced, 3
professional, 3
technician, 3
guidewire, 3
chair, 3
activate, 3
visually, 3
ict, 3
accepted, 3
hemoglobin, 3
graphical, 3
varis, 3
glucose, 3
compounding, 3
mechanical, 3
shifted, 3
pd, 3
clinically, 3
lh, 3
inaccurately, 3
muga, 3
vice, 3
versa, 3
block, 3
pressed, 3
prothrombin, 3
much, 3
reader, 3
radiographic, 3
organism, 3
plane, 3
alcon, 3
sid, 3
indicator, 3
filming, 3
fi, 3
rotate, 3
combine, 3
onboard, 3
spatial, 3
handle, 3
overestimated, 3
axiom, 3
tracing, 3
cxp, 3
vision, 3
cta, 3
fixed, 3
emission, 3
clarify, 3
worksheet, 3
cassette, 3
align, 3
pi, 3
stereotactic, 3
presentation, 3
sagittal, 3
xpert, 3
gb, 3
calcium, 3
sensitive, 3
resetting, 3
vascular, 3
preventing, 3
tissue, 3
heading, 3
mmode, 3
concern, 3
filtering, 3
flat, 3
mirrored, 3
cca, 3
numerical, 3
h, 3
picture, 3
whereby, 3
advanced, 3
minute, 3
availability, 3
inconsistency, 3
reminder, 3
choice, 3
becoming, 3
sequoia, 3
compact, 3
random, 3
oct, 3
od, 3
shipped, 3
pw, 3
abl, 3
coox, 3
versus, 3
hanging, 3
providing, 3
discrepant, 3
equipped, 3
collimation, 3
st, 3
coverage, 3
schedule, 3
docked, 3
receive, 3
tumorloc, 3
resumption, 3
keyboard, 3
coagulation, 3
conducting, 3
starting, 3
voice, 3
rad, 3
corrective, 3
omission, 3
senoadvantage, 3
candida, 3
fluoroscopic, 3
roll, 3
scheduler, 3
october, 3
collection, 3
increment, 3
gap, 3
stand, 3
preference, 3
corporation, 3
semielectric, 3
valuecare, 3
ssd, 3
photon, 3
computation, 3
tram, 3
missed, 3
pattern, 3
evolis, 3
quickly, 3
approval, 3
formula, 3
advantagesim, 3
true, 3
teletherapy, 3
storing, 3
electron, 3
column, 3
directly, 3
payload, 3
transferring, 3
mass, 3
depending, 3
environment, 3
lan, 3
convert, 3
involves, 3
xvi, 3
desktop, 3
team, 3
phantom, 3
begin, 3
cone, 3
performs, 3
approximately, 3
flash, 3
restored, 3
suite, 3
effective, 3
fix, 3
conflict, 3
neither, 3
bone, 3
rtp, 3
engineer, 3
terminated, 3
multileaf, 3
sysmex, 3
extended, 3
ray, 3
easylink, 3
informing, 3
oneplace, 3
purge, 3
edge, 3
addressing, 3
scroll, 3
rotates, 3
cirs, 3
truebeam, 3
auxiliary, 3
item, 3
vca, 3
measure, 3
ebw, 3
physical, 3
multi, 3
considered, 3
accuchek, 3
combo, 3
elbow, 3
slow, 3
vivid, 3
magna, 3
ivd, 3
ctdivol, 3
ivue, 3
inability, 3
pose, 3
overlay, 3
vitreacore, 3
except, 3
g, 3
tnslistener, 3
horiba, 3
piv, 3
ok, 3
sequenced, 3
ibp, 3
lite, 3
distorted, 3
cup, 3
rx, 3
cf, 3
triggered, 3
destination, 3
mammo, 3
inet, 3
basic, 3
pulse, 3
telemetry, 3
vseries, 3
dako, 3
retcam, 3
hazardous, 3
raysearch, 3
goal, 3
pointer, 3
atypical, 3
loader, 3
inprocess, 3
kpa, 3
occurring, 3
misrepresentation, 3
abort, 3
frame, 3
mutation, 3
xhibit, 3
san, 3
diego, 3
tb, 3
transducer, 3
rosa, 3
built, 3
sicd, 3
missassociated, 3
login, 3
adc, 3
desired, 2
coding, 2
formatting, 2
depleted, 2
susceptibility, 2
logic, 2
whole, 2
hide, 2
sar, 2
administered, 2
calibrated, 2
calculator, 2
switched, 2
aed, 2
celite, 2
compromise, 2
restoring, 2
aqueduct, 2
acquire, 2
shipment, 2
successfully, 2
populate, 2
showing, 2
edition, 2
vf, 2
launch, 2
make, 2
sapphire, 2
essential, 2
comm, 2
esoft, 2
fullyextended, 2
pinhole, 2
autodilution, 2
indicates, 2
compensation, 2
probability, 2
ofc, 2
revised, 2
usa, 2
inroom, 2
handpiece, 2
minimum, 2
completing, 2
exposed, 2
ea, 2
future, 2
jacket, 2
newborn, 2
considers, 2
translated, 2
reach, 2
reused, 2
ob, 2
merged, 2
dictation, 2
ehr, 2
preciseplan, 2
generates, 2
introduced, 2
leaving, 2
discontinued, 2
functool, 2
fibertrak, 2
logix, 2
oe, 2
bag, 2
ccow, 2
synchronized, 2
designed, 2
realtime, 2
capintec, 2
hang, 2
counter, 2
utilize, 2
undo, 2
mortara, 2
amplitude, 2
rm, 2
varisource, 2
cervical, 2
belong, 2
datasets, 2
dra, 2
advisor, 2
sts, 2
reaming, 2
reached, 2
cid, 2
combining, 2
farm, 2
ordering, 2
inoperable, 2
relating, 2
sy, 2
rename, 2
whose, 2
fd, 2
lipped, 2
renumbering, 2
dexcopy, 2
etco, 2
copying, 2
stereo, 2
hz, 2
hitachi, 2
uid, 2
analyzing, 2
fmri, 2
drx, 2
curr, 2
technidata, 2
hprim, 2
supported, 2
laterality, 2
reduction, 2
recommended, 2
overinfusion, 2
admit, 2
genuine, 2
factory, 2
orchestra, 2
esprit, 2
pacemaker, 2
mislabel, 2
rio, 2
isite, 2
attenuation, 2
autospect, 2
explicit, 2
iguide, 2
timeout, 2
leksell, 2
nonrecoverable, 2
cli, 2
signature, 2
vbd, 2
agility, 2
failing, 2
prefetch, 2
retrieve, 2
scrolling, 2
inactivity, 2
context, 2
tdm, 2
stratus, 2
testpak, 2
av, 2
viewports, 2
enlarged, 2
intent, 2
planner, 2
trying, 2
ipid, 2
issuer, 2
graph, 2
overlap, 2
handled, 2
mg, 2
endoscopy, 2
shut, 2
corp, 2
bidirectional, 2
unidirectional, 2
buffering, 2
spillage, 2
staff, 2
infectious, 2
crosscontamination, 2
vidas, 2
nonstandard, 2
common, 2
getting, 2
vba, 2
intellivue, 2
diastolic, 2
systolic, 2
falsely, 2
blue, 2
ltm, 2
sleep, 2
neeg, 2
veeg, 2
arrow, 2
lidstock, 2
banner, 2
fc, 2
resonance, 2
temperature, 2
burn, 2
cps, 2
immulite, 2
recognition, 2
characteristic, 2
bioloxforte, 2
alumina, 2
femoral, 2
pbc, 2
pfils, 2
transend, 2
carefusion, 2
ventilator, 2
peep, 2
continuously, 2
fault, 2
ventilation, 2
compass, 2
elution, 2
quick, 2
omits, 2
turn, 2
practitioner, 2
nonvarian, 2
average, 2
compounder, 2
believable, 2
predilute, 2
cath, 2
multigated, 2
decision, 2
needed, 2
rxl, 2
undergoing, 2
runtime, 2
adversely, 2
polytiter, 2
builtin, 2
washer, 2
microplate, 2
stealth, 2
borderline, 2
faulty, 2
fully, 2
operational, 2
rarely, 2
stay, 2
culture, 2
bhcg, 2
noise, 2
designated, 2
aligning, 2
exactly, 2
subsystem, 2
alteration, 2
administrative, 2
modifies, 2
predefined, 2
attached, 2
water, 2
outcome, 2
mispositioned, 2
radiance, 2
numerator, 2
denominator, 2
accessed, 2
noisy, 2
accurate, 2
domain, 2
introduce, 2
respective, 2
absolute, 2
hand, 2
remaining, 2
assume, 2
month, 2
seriously, 2
repeated, 2
iii, 2
pulsed, 2
wave, 2
mistakenly, 2
underestimation, 2
onscreen, 2
radiosurgery, 2
mentioned, 2
extra, 2
accessing, 2
clicked, 2
digitizer, 2
misinterpret, 2
ausab, 2
antihcv, 2
simulation, 2
computing, 2
marking, 2
followed, 2
oblique, 2
bact, 2
macro, 2
unless, 2
rebooted, 2
embedded, 2
ionized, 2
llc, 2
adm, 2
sids, 2
recognize, 2
dell, 2
phasebased, 2
tracked, 2
underlying, 2
igg, 2
mim, 2
larger, 2
misadministration, 2
timer, 2
register, 2
overflow, 2
scout, 2
localizer, 2
crosshair, 2
pack, 2
aberrant, 2
element, 2
inhouse, 2
communicated, 2
audera, 2
splitscreen, 2
evoked, 2
thermal, 2
definium, 2
occasional, 2
volumerad, 2
wallstand, 2
eleva, 2
housekeeping, 2
adjusts, 2
cutoff, 2
posterior, 2
presented, 2
please, 2
telephone, 2
attempting, 2
malware, 2
pal, 2
perspective, 2
suresigns, 2
technical, 2
bright, 2
phrase, 2
alter, 2
documentation, 2
removal, 2
basis, 2
contained, 2
ddp, 2
apexpro, 2
audio, 2
alarming, 2
pvc, 2
recommendation, 2
nongyn, 2
centrifuge, 2
important, 2
conical, 2
shaped, 2
sensitivity, 2
digits, 2
repeatedly, 2
undertreatment, 2
separate, 2
trident, 2
psl, 2
shell, 2
lsp, 2
icip, 2
scheduling, 2
tabletop, 2
excessive, 2
pending, 2
discarded, 2
least, 2
express, 2
approve, 2
unavailability, 2
misdelivery, 2
implementing, 2
verifying, 2
tam, 2
outline, 2
unnecessary, 2
timing, 2
constant, 2
fx, 2
annotated, 2
batching, 2
pb, 2
real, 2
sshcv, 2
substitute, 2
chinese, 2
substitution, 2
question, 2
mark, 2
lgp, 2
dubliniensis, 2
subset, 2
nonfunctional, 2
dqa, 2
softmic, 2
perfect, 2
decided, 2
tomography, 2
idt, 2
optional, 2
suggested, 2
ap, 2
delivering, 2
geometry, 2
mac, 2
hdxt, 2
idms, 2
semi, 2
bedivc, 2
bedca, 2
applying, 2
ordered, 2
optimization, 2
ciao, 2
chemical, 2
aborted, 2
term, 2
sub, 2
fastplan, 2
amended, 2
retain, 2
cut, 2
nw, 2
immunoassay, 2
pressing, 2
mistreated, 2
retraction, 2
transverse, 2
eliminate, 2
ergo, 2
designer, 2
pathfinder, 2
holter, 2
unchanged, 2
prompted, 2
asking, 2
dvh, 2
maintenance, 2
snap, 2
recalculate, 2
checking, 2
mrw, 2
brivo, 2
inline, 2
postprocessing, 2
boston, 2
mrt, 2
onto, 2
assessment, 2
interrogation, 2
controlled, 2
coherence, 2
varians, 2
w, 2
attention, 2
square, 2
fov, 2
involved, 2
entire, 2
maquet, 2
returning, 2
connect, 2
purpose, 2
optronic, 2
tps, 2
implemented, 2
passed, 2
defines, 2
applies, 2
infant, 2
sdc, 2
contribution, 2
prescan, 2
accidentally, 2
capsule, 2
frequent, 2
hpv, 2
representation, 2
iacs, 2
dxa, 2
adult, 2
ion, 2
permedics, 2
dcom, 2
revealed, 2
electrolyte, 2
confirm, 2
echocardiography, 2
interlock, 2
repeating, 2
spinal, 2
oec, 2
navigated, 2
ldm, 2
tracking, 2
corrects, 2
extracted, 2
upper, 2
owner, 2
bit, 2
cisco, 2
vitals, 2
collect, 2
daylight, 2
medium, 2
grey, 2
lens, 2
histogram, 2
pin, 2
meet, 2
kerma, 2
oncor, 2
primus, 2
waiting, 2
prone, 2
overall, 2
tilt, 2
retaining, 2
exclude, 2
vistar, 2
restriction, 2
unusual, 2
reliability, 2
docking, 2
eventually, 2
cycling, 2
referring, 2
nonge, 2
took, 2
best, 2
hounsfield, 2
hu, 2
fractional, 2
akr, 2
group, 2
feedback, 2
baseline, 2
su, 2
dock, 2
connecting, 2
advice, 2
gestational, 2
unresponsive, 2
confusion, 2
wide, 2
shuttle, 2
autoverification, 2
flip, 2
encoding, 2
cardiohelp, 2
ctdi, 2
yes, 2
xml, 2
wado, 2
vp, 2
msg, 2
technology, 2
addressed, 2
transmitter, 2
receiver, 2
lnet, 2
rebooting, 2
boot, 2
follows, 2
risic, 2
pacsiw, 2
intention, 2
meeting, 2
yellow, 2
vcx, 2
difficult, 2
stealthstation, 2
zeego, 2
give, 2
wall, 2
executing, 2
roadmap, 2
oracle, 2
highlighted, 2
vxx, 2
arrhythmia, 2
abx, 2
pentra, 2
obstetric, 2
viewpoint, 2
telepack, 2
detecting, 2
mtb, 2
ceivd, 2
jpnivd, 2
ethernet, 2
noted, 2
compared, 2
communicating, 2
nanog, 2
kg, 2
milliunits, 2
white, 2
unexpectedly, 2
isocenters, 2
serial, 2
simtec, 2
tile, 2
miseq, 2
reporter, 2
illumina, 2
trauma, 2
offer, 2
intraoperatively, 2
reopening, 2
bookmark, 2
inteleviewer, 2
century, 2
retention, 2
capacity, 2
sec, 2
cardiacvx, 2
ab, 2
untreated, 2
mobile, 2
imagecast, 2
estimated, 2
im, 2
ariatele, 2
biplane, 2
composer, 2
inventory, 2
contoura, 2
bx, 2
compatible, 2
reject, 2
carinasim, 2
carinaiso, 2
man, 2
cyberknife, 2
app, 2
caution, 2
lag, 2
behind, 2
avoa, 2
demography, 2
monitored, 2
objective, 2
magnetic, 2
mobiview, 2
guide, 2
eeg, 2
targeting, 2
dried, 2
overnight, 2
gram, 2
pcba, 2
webster, 2
catheter, 2
carto, 2
similar, 2
reportable, 2
magnus, 2
homechoice, 2
maintained, 2
highorder, 2
aberration, 2
stream, 2
locking, 2
lifepak, 2
stopped, 2
preparation, 2
ecam, 2
biological, 2
thermo, 2
hexapod, 2
slave, 2
worst, 2
mhitm, 2
flickering, 2
tabcard, 2
continuous, 2
unviewed, 2
skipped, 2
frax, 2
inappropriate, 2
country, 2
carry, 2
neuviz, 2
clipboard, 2
pasting, 2
cleared, 2
drawing, 2
rescans, 2
accidental, 2
immature, 2
granulocyte, 2
lymphocyte, 2
adherence, 2
surgicounter, 2
shared, 2
sensis, 2
elecsys, 2
pth, 2
lta, 2
dearchiving, 2
aquios, 2
niv, 2
aqc, 2
ecp, 2
piggybacked, 2
interruptible, 2
tca, 2
progression, 2
disease, 2
ecarecoordinator, 2
ecc, 2
radio, 2
triple, 2
irradiation, 2
gpu, 2
citrix, 2
allowing, 2
bellow, 2
thermofisher, 2
inout, 2
spectral, 2
cast, 2
ktrans, 2
onthefly, 2
strut, 2
protura, 2
abutment, 2
animal, 1
defaulting, 1
male, 1
overfillweb, 1
simultaneous, 1
crosslinking, 1
silenced, 1
translate, 1
centration, 1
ommited, 1
biventricular, 1
support, 1
ac, 1
credit, 1
reorder, 1
vrt, 1
autoprint, 1
disables, 1
flood, 1
suppress, 1
suspected, 1
observation, 1
transfered, 1
coming, 1
enduser, 1
aso, 1
mpe, 1
assayed, 1
repository, 1
undergo, 1
kaolin, 1
logixcm, 1
official, 1
ai, 1
displayedweb, 1
acceptance, 1
hcv, 1
elisa, 1
potentail, 1
merges, 1
lipa, 1
cad, 1
raid, 1
birthday, 1
sex, 1
rim, 1
four, 1
leg, 1
imexius, 1
gyroscan, 1
nt, 1
svt, 1
nst, 1
af, 1
suggesting, 1
mar, 1
soon, 1
servicing, 1
delaythe, 1
monitordefibrillator, 1
defibrillation, 1
resuscitate, 1
cubed, 1
biometry, 1
ascan, 1
eightchannel, 1
amniotic, 1
nonus, 1
fluoresence, 1
wavefrontguided, 1
lasik, 1
germany, 1
recurrence, 1
caddsentry, 1
round, 1
hundredth, 1
igo, 1
filing, 1
pat, 1
supplemental, 1
electrocardiogram, 1
vidiera, 1
nsp, 1
exclusion, 1
wellthe, 1
proce, 1
ireview, 1
nonvalidated, 1
rightleft, 1
reversal, 1
closing, 1
stylus, 1
ehs, 1
ipc, 1
main, 1
ultrafiltration, 1
ufr, 1
predicted, 1
hipkneeankle, 1
estimate, 1
resection, 1
replicated, 1
shadow, 1
prepopu, 1
nfs, 1
mount, 1
notably, 1
precaution, 1
nonpicis, 1
ci, 1
picis, 1
demographicsweb, 1
lls, 1
reestablishes, 1
breath, 1
breathing, 1
effect, 1
raster, 1
glk, 1
implantation, 1
db, 1
implant, 1
neonate, 1
screening, 1
crossover, 1
comprised, 1
overwriting, 1
parsed, 1
ansi, 1
locked, 1
hosparams, 1
hisrr, 1
populated, 1
obview, 1
reverting, 1
along, 1
put, 1
regard, 1
interfact, 1
periop, 1
radiographer, 1
hosted, 1
succession, 1
tank, 1
rinsed, 1
disinfection, 1
chlorine, 1
malfunctioned, 1
manner, 1
attending, 1
tensor, 1
prepopulated, 1
gateway, 1
sequencer, 1
vr, 1
disparate, 1
synchronize, 1
nf, 1
capacitor, 1
six, 1
vx, 1
crc, 1
vcp, 1
ect, 1
cart, 1
defected, 1
misattribution, 1
dwell, 1
vac, 1
mammogram, 1
dimensional, 1
mmlc, 1
smith, 1
medfusion, 1
syringe, 1
watchdog, 1
failsafe, 1
analyze, 1
provider, 1
sharing, 1
dongle, 1
shortterm, 1
unprotected, 1
donglebased, 1
deleti, 1
uncompressed, 1
searching, 1
inactive, 1
goreturn, 1
reco, 1
labaccess, 1
lars, 1
saltbased, 1
ionbased, 1
, 1
stitched, 1
windowsbased, 1
copath, 1
continually, 1
pcvdbsrv, 1
yield, 1
oem, 1
subtest, 1
subcolumn, 1
divisible, 1
al, 1
fluoroscan, 1
mini, 1
identical, 1
noncurrent, 1
phlebotomy, 1
poc, 1
search, 1
dismissed, 1
mrx, 1
pas, 1
percist, 1
vcar, 1
activation, 1
audit, 1
compare, 1
differentiates, 1
wityh, 1
medecin, 1
kermit, 1
absolutely, 1
prohibited, 1
histology, 1
cytology, 1
ders, 1
underinfusion, 1
sdis, 1
hangup, 1
rapidcomm, 1
subversion, 1
nonsquare, 1
sorted, 1
wheelchair, 1
isp, 1
acceleration, 1
turning, 1
momentary, 1
issuesweb, 1
iecg, 1
quinton, 1
defaultweb, 1
sorin, 1
longevity, 1
reply, 1
xiris, 1
conjuncture, 1
astonish, 1
implicit, 1
acr, 1
logging, 1
drag, 1
drop, 1
gammaplan, 1
drawn, 1
nd, 1
qstation, 1
structured, 1
appended, 1
multiphase, 1
actively, 1
deselecting, 1
decides, 1
whatever, 1
supplementary, 1
uppercase, 1
lowercase, 1
exercise, 1
morning, 1
keystroke, 1
recist, 1
aquarius, 1
intuition, 1
force, 1
unarchived, 1
ampampampampampampampampampampampampampampampampampampampampampampampampampampampampampampampampampampampampampampampampampampampampampampampampampampampampampampampampampampampampamp, 1
planofthe, 1
accidently, 1
wheel, 1
investigating, 1
discordant, 1
matched, 1
sending, 1
particle, 1
vancomycin, 1
preprocedure, 1
unmagnified, 1
hologic, 1
halo, 1
expire, 1
watermarking, 1
focused, 1
copied, 1
unlikely, 1
mb, 1
away, 1
metastasis, 1
z, 1
xxxmm, 1
readable, 1
reexposure, 1
volcano, 1
monitorbut, 1
reactivating, 1
cooperative, 1
fulgurate, 1
rga, 1
good, 1
authorization, 1
redistributed, 1
flexcardio, 1
urf, 1
permanently, 1
ipids, 1
refreshing, 1
pulling, 1
fetus, 1
mother, 1
tomo, 1
unusually, 1
unassigned, 1
effort, 1
intentionally, 1
restarting, 1
august, 1
syngovia, 1
wifi, 1
weak, 1
wirelessly, 1
retake, 1
blinking, 1
bottle, 1
outer, 1
charging, 1
amplifier, 1
antimicrobial, 1
antithrombogenic, 1
picc, 1
fa, 1
coupling, 1
qbc, 1
sense, 1
contrary, 1
adaptivcrt, 1
acrt, 1
amplia, 1
claria, 1
crt, 1
accelerated, 1
decline, 1
folic, 1
acid, 1
expiration, 1
modulated, 1
trilogy, 1
zimmer, 1
navitrack, 1
knee, 1
syrinx, 1
citing, 1
identifying, 1
leaking, 1
tego, 1
connector, 1
piece, 1
ceramtec, 1
conventional, 1
protective, 1
foam, 1
packaging, 1
undersized, 1
breach, 1
inner, 1
cavity, 1
transportation, 1
perinatal, 1
nonidentifiable, 1
resultsprotime, 1
itcs, 1
microcoagulation, 1
erasure, 1
heating, 1
pad, 1
lift, 1
tear, 1
overheating, 1
enve, 1
expiratory, 1
audibly, 1
compromised, 1
biohazard, 1
prolonged, 1
evaporation, 1
showed, 1
ctr, 1
odbc, 1
wont, 1
easyweb, 1
petview, 1
freehand, 1
urgent, 1
timely, 1
fashion, 1
yoke, 1
rejecting, 1
autofiling, 1
percent, 1
gain, 1
mistreat, 1
bony, 1
accura, 1
try, 1
manipulate, 1
bias, 1
violation, 1
minor, 1
anomalyweb, 1
caliper, 1
cessation, 1
updating, 1
masked, 1
precath, 1
holding, 1
registering, 1
millennium, 1
vg, 1
distortion, 1
streamlab, 1
ote, 1
regimen, 1
brachytherapy, 1
samplepause, 1
shutting, 1
cooling, 1
immunofluorescent, 1
titration, 1
calibrator, 1
reentered, 1
anticoaglant, 1
diluted, 1
bio, 1
tek, 1
equally, 1
worldwide, 1
enhance, 1
cranial, 1
ena, 1
equivocal, 1
zone, 1
retransmitting, 1
sutomated, 1
microtiter, 1
plate, 1
insturment, 1
noncompliance, 1
suceptibilities, 1
saline, 1
recirculation, 1
hemodialysis, 1
miswired, 1
polarity, 1
conduction, 1
node, 1
skippedcharge, 1
sweep, 1
dont, 1
dl, 1
assembling, 1
balance, 1
disapperance, 1
circular, 1
near, 1
perpendicular, 1
seven, 1
autoramp, 1
dilute, 1
ladarvision, 1
excimer, 1
negate, 1
cyclotorsion, 1
customcornea, 1
defectthe, 1
crossreference, 1
inherent, 1
sized, 1
ability, 1
anomalya, 1
fio, 1
sentin, 1
leukosure, 1
dna, 1
workcentre, 1
electrical, 1
pleth, 1
erratic, 1
filmed, 1
long, 1
voxels, 1
zoom, 1
hatch, 1
latch, 1
ergonomic, 1
tcell, 1
preclude, 1
terminate, 1
epsplus, 1
adra, 1
acquiring, 1
stomach, 1
vbk, 1
vbg, 1
acknowledging, 1
misidentificationif, 1
creatine, 1
clearance, 1
overdosed, 1
cytometer, 1
multistatic, 1
undesirable, 1
petient, 1
radiologist, 1
ecggated, 1
ctg, 1
sensation, 1
networked, 1
spectrum, 1
unequal, 1
reloaded, 1
disregarded, 1
produced, 1
loc, 1
convention, 1
prism, 1
undetectable, 1
undefined, 1
possib, 1
positioner, 1
headrings, 1
recline, 1
far, 1
naviscan, 1
pem, 1
commonly, 1
pemfiex, 1
positron, 1
pemsuv, 1
applet, 1
rema, 1
unrelated, 1
addendum, 1
minidrawers, 1
accessable, 1
delaying, 1
translator, 1
reenter, 1
resultsproduct, 1
resultstest, 1
credible, 1
cycled, 1
cdrom, 1
teal, 1
bloom, 1
glare, 1
antibiotic, 1
cubicin, 1
dependent, 1
prolongation, 1
elevation, 1
istat, 1
computes, 1
ranging, 1
fractionated, 1
absence, 1
threadlocking, 1
compound, 1
fastener, 1
diamond, 1
mammographic, 1
five, 1
postaspiration, 1
radiofrequency, 1
earlie, 1
voxelq, 1
utlizing, 1
acqplan, 1
mxdt, 1
aortic, 1
ecat, 1
decay, 1
wholebody, 1
sliced, 1
nonaccuray, 1
resynchronizing, 1
viasys, 1
optionweb, 1
ev, 1
brings, 1
nca, 1
magnesium, 1
nmg, 1
wavescan, 1
dedicated, 1
registry, 1
identifies, 1
reflection, 1
ncmr, 1
alpha, 1
arises, 1
draw, 1
frozen, 1
nonresponsive, 1
subassembly, 1
kwiktrak, 1
cmv, 1
toxo, 1
isr, 1
pipettor, 1
robotics, 1
ignored, 1
misrepresented, 1
j, 1
panzoom, 1
consideration, 1
zaxis, 1
separation, 1
eub, 1
hi, 1
ica, 1
carotid, 1
watch, 1
dog, 1
depicting, 1
configure, 1
nonsensical, 1
nonsense, 1
differently, 1
unusally, 1
precedence, 1
circumstancesweb, 1
canvas, 1
conference, 1
miscalculate, 1
bot, 1
pipetting, 1
assigning, 1
underdose, 1
warfarin, 1
mutant, 1
wildtype, 1
heterozygous, 1
nuclear, 1
originated, 1
cachewas, 1
continued, 1
vestibular, 1
myogenic, 1
vemp, 1
auditory, 1
aep, 1
stimulus, 1
ear, 1
mod, 1
transplant, 1
overhead, 1
rea, 1
barrier, 1
cover, 1
multidiagnost, 1
interventional, 1
lymph, 1
attractor, 1
vrtx, 1
amphetamine, 1
methamphetamine, 1
anterior, 1
swapping, 1
matrix, 1
fixture, 1
graduated, 1
infected, 1
worm, 1
infect, 1
ddps, 1
february, 1
slidetype, 1
pathway, 1
antiher, 1
neu, 1
antibody, 1
vias, 1
inspace, 1
assumed, 1
nonpulsatile, 1
reportweb, 1
ndisvent, 1
ccm, 1
cam, 1
cccm, 1
mp, 1
exceed, 1
adequately, 1
characterize, 1
debris, 1
listmode, 1
reducing, 1
softwa, 1
aspirator, 1
hm, 1
totally, 1
occluded, 1
emerald, 1
wbc, 1
according, 1
requirement, 1
accompany, 1
italyweb, 1
dcri, 1
steered, 1
consequence, 1
guardian, 1
orthopad, 1
daily, 1
inverness, 1
zip, 1
na, 1
hsm, 1
fewer, 1
imagesthose, 1
preservation, 1
sad, 1
saturne, 1
lneto, 1
lnetc, 1
eagle, 1
fib, 1
dos, 1
conduct, 1
contamination, 1
cancer, 1
ln, 1
accounting, 1
unread, 1
dictated, 1
talkstation, 1
observing, 1
offcenter, 1
extremity, 1
front, 1
back, 1
polling, 1
carried, 1
retired, 1
adjust, 1
optimal, 1
sampling, 1
inter, 1
isd, 1
distinct, 1
hemispherical, 1
highlight, 1
compax, 1
amplified, 1
underinflate, 1
cardioassist, 1
plethysmograph, 1
imagesweb, 1
receipt, 1
interleaved, 1
vixwin, 1
platinum, 1
easy, 1
dental, 1
practiceworks, 1
eaglesoft, 1
softdent, 1
practice, 1
termination, 1
circumstanc, 1
timed, 1
wait, 1
dispensing, 1
pain, 1
ua, 1
ub, 1
uc, 1
aspect, 1
triwin, 1
linearity, 1
play, 1
preparing, 1
insufficient, 1
neurocare, 1
prop, 1
fushing, 1
drade, 1
radrexi, 1
electrostatic, 1
discontinue, 1
fco, 1
entitled, 1
orthopedic, 1
clamp, 1
slip, 1
nonindicated, 1
wvolume, 1
prospective, 1
useful, 1
batched, 1
schiller, 1
arguspro, 1
cariology, 1
vti, 1
integral, 1
pick, 1
jam, 1
halt, 1
disrupts, 1
flange, 1
thin, 1
agfa, 1
locator, 1
narrower, 1
draft, 1
comma, 1
unicel, 1
regardless, 1
japanese, 1
quotation, 1
asterisk, 1
scpt, 1
advised, 1
autocharge, 1
disallows, 1
customize, 1
food, 1
compendium, 1
eric, 1
yeast, 1
albicans, 1
surview, 1
potentiometer, 1
encodermismatch, 1
emergency, 1
backout, 1
ticking, 1
interpretative, 1
hbo, 1
star, 1
rr, 1
canceled, 1
see, 1
interf, 1
converted, 1
perivision, 1
coincide, 1
utility, 1
errantly, 1
guidancebased, 1
differing, 1
poistion, 1
contributing, 1
confirma, 1
cadstream, 1
phased, 1
uniformity, 1
excite, 1
hdx, 1
hde, 1
tendency, 1
violating, 1
uids, 1
tabulation, 1
eqc, 1
florida, 1
careguard, 1
cg, 1
cga, 1
rail, 1
innerspring, 1
invacares, 1
june, 1
july, 1
moreover, 1
inac, 1
enforcing, 1
camera, 1
recalibrations, 1
accuson, 1
portchange, 1
regenerated, 1
blocking, 1
obvious, 1
existed, 1
cregarding, 1
radiological, 1
drp, 1
innovation, 1
preliminary, 1
rerun, 1
xa, 1
irradiated, 1
epsm, 1
epsmp, 1
eprestn, 1
bedtobed, 1
steris, 1
sterilant, 1
chemically, 1
sterilized, 1
alerting, 1
inco, 1
resin, 1
cdroms, 1
ventricle, 1
chronological, 1
donor, 1
laterally, 1
symbology, 1
opposing, 1
tested, 1
withc, 1
ompetitive, 1
enzyme, 1
phd, 1
blended, 1
there, 1
multiaccs, 1
beamon, 1
misuse, 1
gun, 1
attach, 1
interplant, 1
trajectory, 1
nonzero, 1
reopened, 1
spacers, 1
overestimating, 1
evo, 1
analyzed, 1
eos, 1
enlargement, 1
reposition, 1
undone, 1
confused, 1
pfm, 1
foot, 1
evaluated, 1
sfm, 1
retained, 1
mlcs, 1
fileprintdrr, 1
persistent, 1
plant, 1
col, 1
portport, 1
proceed, 1
warned, 1
calculati, 1
postprocessed, 1
withweb, 1
multilead, 1
mc, 1
lpi, 1
tachy, 1
dfu, 1
sort, 1
calibrators, 1
inval, 1
nondisplayed, 1
posted, 1
website, 1
pertinent, 1
modulation, 1
rick, 1
syn, 1
isocentered, 1
noncircular, 1
orbit, 1
eyesuite, 1
invalidating, 1
pause, 1
ed, 1
studyset, 1
stopping, 1
slight, 1
like, 1
bring, 1
squaring, 1
occu, 1
duration, 1
twin, 1
implement, 1
bracket, 1
bloodline, 1
conform, 1
k, 1
infrastructure, 1
approxima, 1
invalidate, 1
architecture, 1
emc, 1
notequidistant, 1
advising, 1
qualitative, 1
prioritized, 1
predefine, 1
oar, 1
firms, 1
engineering, 1
repeatable, 1
cw, 1
recalibrated, 1
mulitplex, 1
december, 1
jan, 1
incrementing, 1
onwards, 1
eclipseweb, 1
early, 1
late, 1
bra, 1
executes, 1
io, 1
increased, 1
allowable, 1
cached, 1
umpc, 1
sourceweb, 1
panning, 1
pan, 1
smaller, 1
led, 1
implementation, 1
hot, 1
newpage, 1
clarified, 1
symptom, 1
involve, 1
attribute, 1
enabling, 1
misalign, 1
labmic, 1
flagging, 1
training, 1
infinityr, 1
weightbased, 1
art, 1
infinityro, 1
infinity, 1
writing, 1
prot, 1
panic, 1
norland, 1
illuminatus, 1
excell, 1
densitometer, 1
ocr, 1
lec, 1
compliance, 1
verified, 1
fax, 1
wer, 1
middle, 1
mmol, 1
unconfirm, 1
reflected, 1
flatteningfilterfree, 1
multiplex, 1
fluorotrak, 1
elitenav, 1
sysmexr, 1
ldms, 1
sys, 1
inst, 1
xcelera, 1
arriving, 1
unformatted, 1
multimodality, 1
capability, 1
brillance, 1
insensitive, 1
classified, 1
agency, 1
instatrak, 1
reviewed, 1
ihe, 1
compliant, 1
pane, 1
regression, 1
exceeds, 1
nema, 1
disable, 1
ente, 1
oex, 1
sit, 1
restrict, 1
y, 1
replicate, 1
conclusion, 1
writer, 1
represented, 1
serie, 1
healthpresence, 1
vit, 1
radreport, 1
execu, 1
encompass, 1
misconfiguration, 1
dicomstore, 1
agfas, 1
daemon, 1
mpd, 1
mre, 1
ribbon, 1
severe, 1
diff, 1
none, 1
highest, 1
execut, 1
uis, 1
row, 1
horizontally, 1
surfactant, 1
curvetip, 1
crashing, 1
qtc, 1
navigational, 1
november, 1
lokup, 1
siemensbranded, 1
optivue, 1
mvision, 1
retract, 1
initialize, 1
stemmed, 1
underdosage, 1
onetouch, 1
noncontiguous, 1
contiguous, 1
securview, 1
dx, 1
tomosynthesis, 1
karma, 1
logged, 1
breathhold, 1
invalidated, 1
recalculation, 1
reload, 1
compensator, 1
fluence, 1
editor, 1
datagrid, 1
ysio, 1
drf, 1
luminos, 1
agile, 1
uroskop, 1
omnia, 1
uro, 1
pipeline, 1
suitable, 1
mirror, 1
iconmirror, 1
bottom, 1
spin, 1
elect, 1
discard, 1
slope, 1
qr, 1
limiting, 1
nicvue, 1
isolated, 1
meditech, 1
ecaremanager, 1
anticoagulant, 1
arose, 1
national, 1
diamigo, 1
iphone, 1
opposed, 1
brazil, 1
optimizatio, 1
captus, 1
subtract, 1
nonhazardous, 1
caspsule, 1
usable, 1
addon, 1
apex, 1
house, 1
stenosis, 1
hemodynamic, 1
renal, 1
oxygenation, 1
ro, 1
responding, 1
caregiv, 1
renumbered, 1
reopen, 1
towards, 1
tablepalletedge, 1
frontedge, 1
inadvertent, 1
shareplan, 1
clearly, 1
adhered, 1
agreement, 1
rfafiles, 1
asc, 1
overdose, 1
sendx, 1
intermix, 1
mako, 1
tactile, 1
constraining, 1
cutting, 1
burr, 1
propagated, 1
oppose, 1
impac, 1
capillary, 1
pcw, 1
catheterization, 1
spring, 1
tension, 1
safe, 1
deviceweb, 1
chosen, 1
aviva, 1
ga, 1
edd, 1
angular, 1
gradually, 1
notify, 1
rep, 1
contacting, 1
dot, 1
phasegating, 1
informed, 1
conti, 1
pathological, 1
xknife, 1
dicomrt, 1
brief, 1
shutdown, 1
hmi, 1
exception, 1
bl, 1
myocardial, 1
mpi, 1
accreditation, 1
stated, 1
viewe, 1
bill, 1
traced, 1
uf, 1
sysui, 1
catalog, 1
overvi, 1
baxter, 1
parenteral, 1
nutrition, 1
embedding, 1
jpegs, 1
licensed, 1
leakage, 1
absorber, 1
sum, 1
stroke, 1
cap, 1
num, 1
erm, 1
multiassay, 1
micro, 1
environmental, 1
variabl, 1
populates, 1
bol, 1
degradation, 1
singleexposure, 1
mv, 1
kview, 1
udom, 1
unstable, 1
prn, 1
recorder, 1
inaccessible, 1
defective, 1
autocalibration, 1
ndb, 1
ganglion, 1
complex, 1
singular, 1
ou, 1
iwellness, 1
lpc, 1
mesh, 1
counterfeited, 1
intercommunication, 1
responder, 1
disrupt, 1
lnetm, 1
hr, 1
invasive, 1
anesthesiarx, 1
anf, 1
backlight, 1
flicker, 1
unreadable, 1
booting, 1
reinjection, 1
radiopharmaceutical, 1
ablation, 1
risdriven, 1
autofetch, 1
midnight, 1
pixe, 1
fse, 1
monolisa, 1
antihbs, 1
eia, 1
determination, 1
apf, 1
script, 1
overwrite, 1
pouch, 1
clariview, 1
gvtk, 1
gem, 1
toolkit, 1
wit, 1
tracker, 1
thresholdtriggered, 1
downtime, 1
selenia, 1
dated, 1
arkon, 1
buzzer, 1
triangle, 1
favorite, 1
affectsdsa, 1
dacquisition, 1
subtraction, 1
aqui, 1
framelink, 1
mismatchwhile, 1
brake, 1
tic, 1
convex, 1
putting, 1
cursor, 1
measur, 1
resolved, 1
mitsubishi, 1
heavy, 1
industry, 1
ltd, 1
lightspeed, 1
variance, 1
fossa, 1
hardening, 1
subtle, 1
ingres, 1
production, 1
sufficient, 1
insession, 1
reverts, 1
acceptable, 1
share, 1
rotating, 1
clockwise, 1
inferior, 1
correc, 1
osseocare, 1
oseeocare, 1
ipad, 1
convolution, 1
frec, 1
infrequent, 1
vdx, 1
precondition, 1
imprecise, 1
mask, 1
vitreaadvanced, 1
vitalconnect, 1
axia, 1
intesys, 1
ic, 1
security, 1
supplied, 1
authentication, 1
redirection, 1
attacker, 1
nonroche, 1
coronary, 1
artery, 1
segmented, 1
hovering, 1
impossible, 1
choose, 1
dropdown, 1
reoccur, 1
personnel, 1
pulsatility, 1
venous, 1
vein, 1
ductus, 1
venosus, 1
trisomy, 1
snapshot, 1
whenever, 1
sof, 1
cuvettes, 1
asystole, 1
tdf, 1
xpc, 1
cpu, 1
dashport, 1
motherboard, 1
often, 1
demonstrating, 1
alternate, 1
mandatory, 1
cardiopulmonary, 1
dpi, 1
dpis, 1
alveolar, 1
physiologically, 1
dosimetrist, 1
special, 1
reloading, 1
di, 1
hospira, 1
plum, 1
unmatched, 1
afc, 1
nursing, 1
cns, 1
pu, 1
emit, 1
prepared, 1
pantherapuncher, 1
despite, 1
green, 1
autosequenced, 1
unload, 1
fogged, 1
adapt, 1
geometrical, 1
iba, 1
colinearity, 1
du, 1
insertion, 1
genomic, 1
primer, 1
cystic, 1
fibrosis, 1
seen, 1
amp, 1
submitted, 1
socalled, 1
quot, 1
intelepacs, 1
replay, 1
ctb, 1
red, 1
hat, 1
linux, 1
terminating, 1
foursight, 1
scrape, 1
gynecology, 1
mdc, 1
dcx, 1
enhanced, 1
ilab, 1
newest, 1
polaris, 1
pullback, 1
longview, 1
mscd, 1
overheat, 1
sciex, 1
api, 1
lc, 1
multiquantmd, 1
iwm, 1
recomputed, 1
rounded, 1
zee, 1
vcb, 1
blocked, 1
unnecessarily, 1
calendar, 1
workday, 1
holiday, 1
exact, 1
cloned, 1
sch, 1
biofire, 1
defense, 1
jbaids, 1
centralinkquot, 1
uploading, 1
estop, 1
sitting, 1
idle, 1
recon, 1
overlapped, 1
superimposed, 1
evaluating, 1
xramx, 1
continues, 1
cc, 1
ter, 1
cedara, 1
synch, 1
navigator, 1
accounted, 1
look, 1
meas, 1
transcribed, 1
supporting, 1
reexposed, 1
obscured, 1
covered, 1
aptio, 1
dr, 1
dual, 1
oxygen, 1
finger, 1
stale, 1
footswitch, 1
pedal, 1
opportunity, 1
footer, 1
resembles, 1
thrombus, 1
imaged, 1
visited, 1
bucky, 1
figure, 1
trunc, 1
noninvasiventilation, 1
alarmsve, 1
general, 1
doseright, 1
suggest, 1
child, 1
expect, 1
applicable, 1
entrapment, 1
bariatric, 1
bmi, 1
lt, 1
disconnect, 1
reconnect, 1
disconnected, 1
reconnected, 1
gas, 1
comparing, 1
literature, 1
efilm, 1
nonbrainlab, 1
blend, 1
quantity, 1
sterile, 1
premix, 1
phosphate, 1
premasol, 1
iris, 1
spec, 1
msp, 1
wdrprecision, 1
proteus, 1
wdr, 1
motorized, 1
abundance, 1
aperio, 1
known, 1
lecia, 1
biosystems, 1
er, 1
ruo, 1
mindrays, 1
portable, 1
ctrt, 1
novel, 1
sfov, 1
iterative, 1
igbo, 1
automaticviewonalarm, 1
discharged, 1
bedside, 1
zooming, 1
duplicating, 1
injection, 1
geometric, 1
summed, 1
replaces, 1
tdworkstation, 1
pinnacle, 1
ospots, 1
dispenser, 1
stretchy, 1
sspots, 1
reason, 1
loop, 1
dosevolume, 1
constraint, 1
cma, 1
hovers, 1
dropdowns, 1
thumbwheel, 1
touchpad, 1
probeam, 1
centaur, 1
tosoh, 1
aia, 1
unreported, 1
vda, 1
repetition, 1
agent, 1
transaction, 1
hdd, 1
inputted, 1
eli, 1
electrocardiograph, 1
uncontrolled, 1
walking, 1
belt, 1
treadmill, 1
admin, 1
erx, 1
slr, 1
vbc, 1
usage, 1
exiting, 1
obscuring, 1
modularis, 1
contaminate, 1
adjacent, 1
producing, 1
remained, 1
emulate, 1
radial, 1
resultant, 1
diskette, 1
userinitiated, 1
floating, 1
tends, 1
safetyrelated, 1
ufsnrtt, 1
rto, 1
autoregistration, 1
maproute, 1
xpt, 1
pn, 1
tpid, 1
trd, 1
omnis, 1
execute, 1
reflecting, 1
warn, 1
supine, 1
lack, 1
recovered, 1
ultraview, 1
sl, 1
suspended, 1
pole, 1
switching, 1
angiographysystem, 1
longitudinal, 1
forum, 1
alive, 1
alivecor, 1
crashed, 1
guided, 1
ctvision, 1
composed, 1
smartortho, 1
athome, 1
spectroscopy, 1
csi, 1
optimedica, 1
catalys, 1
cataract, 1
incision, 1
phenomenon, 1
marc, 1
unflat, 1
magnitude, 1
depends, 1
tray, 1
turbo, 1
improves, 1
resuming, 1
family, 1
trace, 1
paragon, 1
sql, 1
corneal, 1
begun, 1
fieldinstalled, 1
enters, 1
root, 1
outage, 1
misreading, 1
obscure, 1
unlicensed, 1
reactivated, 1
licensing, 1
nonsubmillimeter, 1
biopsy, 1
minimed, 1
ipro, 1
demonstrate, 1
upward, 1
overlaid, 1
chooses, 1
mycarelink, 1
successful, 1
carealerts, 1
clinic, 1
consisting, 1
oarm, 1
fipiflow, 1
activator, 1
admire, 1
hotfixes, 1
chain, 1
write, 1
arcings, 1
shifter, 1
normally, 1
corner, 1
pointing, 1
robot, 1
checkbox, 1
optovue, 1
normative, 1
presenting, 1
chemo, 1
initiation, 1
pulled, 1
repair, 1
reproduction, 1
amplification, 1
magsil, 1
nuclisens, 1
easymag, 1
extraction, 1
bk, 1
hxwxlxl, 1
unaware, 1
prostate, 1
adenoma, 1
testis, 1
kidney, 1
bladder, 1
inflate, 1
hw, 1
vbb, 1
contrived, 1
plasma, 1
lr, 1
exon, 1
inconsistently, 1
egfr, 1
cfdna, 1
eight, 1
distended, 1
abnormally, 1
squelch, 1
xtr, 1
indicative, 1
streaming, 1
hair, 1
caught, 1
remind, 1
local, 1
representative, 1
gsb, 1
reactive, 1
interpretive, 1
ifu, 1
retest, 1
terminology, 1
market, 1
adapted, 1
knowledge, 1
fisher, 1
endura, 1
spectrometer, 1
score, 1
unrecognized, 1
deletes, 1
slash, 1
numg, 1
fpd, 1
reacquire, 1
thecancel, 1
reacquisition, 1
instructed, 1
sam, 1
reuse, 1
directory, 1
potcta, 1
reoptimizing, 1
segmentation, 1
atrium, 1
electroanatomical, 1
biosense, 1
microscan, 1
labpro, 1
foreign, 1
nobody, 1
awar, 1
disruption, 1
laryngoscopy, 1
glidescope, 1
titanium, 1
laryngoscope, 1
blade, 1
breakup, 1
displaced, 1
pyxis, 1
fontal, 1
da, 1
scattered, 1
came, 1
minus, 1
consequently, 1
info, 1
engine, 1
assumes, 1
sd, 1
la, 1
conservative, 1
urine, 1
sodium, 1
rgb, 1
fitted, 1
boundary, 1
fit, 1
xworkplace, 1
vde, 1
mprs, 1
tilted, 1
exchanged, 1
spontaneously, 1
hybrid, 1
misdiagnose, 1
rest, 1
egateway, 1
revert, 1
dst, 1
vertebra, 1
misassociation, 1
fishers, 1
misassociated, 1
defectd, 1
verity, 1
analog, 1
modem, 1
dialup, 1
dial, 1
prefix, 1
phone, 1
cou, 1
messaging, 1
handset, 1
forwardconfigured, 1
carrying, 1
interacting, 1
unsynchronized, 1
ctrls, 1
ctrlz, 1
rd, 1
april, 1
decubitus, 1
didnt, 1
mistake, 1
pretreatment, 1
branch, 1
catchup, 1
vms, 1
img, 1
xradiation, 1
impede, 1
morphology, 1
atyp, 1
respectively, 1
forwarded, 1
tablet, 1
pa, 1
interact, 1
pre, 1
postoperatively, 1
verion, 1
lensx, 1
inclusion, 1
unplanned, 1
arcuates, 1
dusty, 1
ebarcode, 1
precicontrol, 1
varia, 1
typographical, 1
parathyroid, 1
hormone, 1
pec, 1
loinc, 1
circadiance, 1
rosanna, 1
mario, 1
stubli, 1
csc, 1
nonmedical, 1
dearchived, 1
undetected, 1
proprietary, 1
prep, 1
cl, 1
aspirant, 1
vibe, 1
vdb, 1
building, 1
transmitting, 1
sorting, 1
render, 1
mxttout, 1
usability, 1
stability, 1
differ, 1
finalized, 1
downloaded, 1
infusers, 1
pharmacist, 1
infuser, 1
formulary, 1
routed, 1
reintroduced, 1
downscale, 1
allura, 1
azurion, 1
stsegment, 1
nearinfrared, 1
spectroscopic, 1
chemogram, 1
tvc, 1
tvcmc, 1
demonstrated, 1
appearance, 1
lipid, 1
plaque, 1
horizontallyoriented, 1
obtains, 1
expects, 1
consistent, 1
actuality, 1
calc, 1
contouring, 1
smartadapt, 1
smartsegmentation, 1
consistently, 1
fulfilled, 1
announces, 1
axiem, 1
nonin, 1
sell, 1
oximeter, 1
oximetry, 1
lntellivue, 1
mxo, 1
wlan, 1
wearable, 1
unsuccessful, 1
determining, 1
iconnect, 1
aggregation, 1
facilitation, 1
independent, 1
ancillary, 1
networking, 1
redundant, 1
unknown, 1
validating, 1
delta, 1
powering, 1
communicate, 1
reduce, 1
specifying, 1
interference, 1
inclinic, 1
communicates, 1
ambulatory, 1
overdelivery, 1
helx, 1
evolution, 1
band, 1
onethird, 1
located, 1
tetra, 1
crd, 1
nvidia, 1
reserve, 1
ffr, 1
category, 1
swapped, 1
echoims, 1
launched, 1
readonly, 1
bigbore, 1
imprecision, 1
downloading, 1
orthoclinical, 1
orthos, 1
engentm, 1
aspiration, 1
rfid, 1
aspirate, 1
initializing, 1
front, 1
asynchronous, 1
missassociate, 1
posed, 1
harm, 1
faxed, 1
reassignment, 1
published, 1
inprogress, 1
vja, 1
indexed, 1
norm, 1
gradient, 1
severity, 1
half, 1
restore, 1
iqon, 1
underreporting, 1
highpower, 1
hpf, 1
grading, 1
lowpower, 1
lpf, 1
microliter, 1
proceeding, 1
dioptric, 1
subjective, 1
ark, 1
cleaning, 1
disc, 1
decrease, 1
faster, 1
usual, 1
reverted, 1
prevented, 1
decreased, 1
pharmacokinetic, 1
pk, 1
underestimating, 1
kep, 1
iaugc, 1
apparent, 1
coefficient, 1
completeness, 1
consist, 1
thorax, 1
cscs, 1
bootup, 1
multiframe, 1
unauthorized, 1
inadequate, 1
permission, 1
snout, 1
every, 1
cancelled, 1
frequently, 1
heavily, 1
parallel, 1
technologist, 1
reconstruct, 1
unusable, 1
fda, 1
screw, 1
xl, 1
troubleshooting, 1
readiness, 1
underestimate, 1
eroa, 1
regurgitant, 1
orifice, 1
zc, 1
transthoracic, 1
